{"cameraMode":{"drawMode":0,"name":"Shaded","section":"Shading Mode"},"sceneLighting":false,"audioPlay":false,"sceneViewState":{"showFog":true,"showMaterialUpdate":false,"showSkybox":true,"showFlares":true,"showImageEffects":true,"showParticleSystems":true},"in2DMode":false,"pivot":{"x":0.6728515625,"y":-0.6513671875,"z":-0.174072265625},"rotation":{"x":0.08054236322641373,"y":-0.41025933623313906,"z":0.03640250861644745,"w":0.9076942205429077},"size":2.7648298740386965,"orthographic":true}