{"cameraMode":{"drawMode":0,"name":"Shaded","section":"Shading Mode"},"sceneLighting":false,"audioPlay":false,"sceneViewState":{"showFog":true,"showMaterialUpdate":false,"showSkybox":true,"showFlares":true,"showImageEffects":true,"showParticleSystems":true},"in2DMode":false,"pivot":{"x":-0.2942352294921875,"y":0.5007915496826172,"z":-2.4755859375},"rotation":{"x":-0.000011099476978415623,"y":0.9999678730964661,"z":0.0014999302802607418,"w":0.007499514613300562},"size":7.42370080947876,"orthographic":true}