{"cameraMode":{"drawMode":0,"name":"Shaded","section":"Shading Mode"},"sceneLighting":false,"audioPlay":false,"sceneViewState":{"showFog":true,"showMaterialUpdate":false,"showSkybox":true,"showFlares":true,"showImageEffects":true,"showParticleSystems":true},"in2DMode":false,"pivot":{"x":1.1082763671875,"y":0.8543701171875,"z":-0.041259765625},"rotation":{"x":0.03289475664496422,"y":0.07787938416004181,"z":-0.0025699299294501545,"w":0.9964280128479004},"size":2.948655605316162,"orthographic":true}